,input,output
0,-2.0,13.0
1,-1.5555555555555556,-1.2478280749885684
2,-1.1111111111111112,-2.6634659350708727
3,-0.6666666666666667,0.8518518518518512
4,-0.22222222222222232,4.206218564243255
5,0.22222222222222232,5.11705532693187
6,0.6666666666666665,4.111111111111112
7,1.1111111111111107,4.524462734339275
8,1.5555555555555554,12.502514860539547
9,2.0,37.0
